<?xml version="1.0" encoding="UTF-8"?>

<txns>
  <txn txnID="1001" repID="332">
    <customer>Lorem Luctus</customer>
    <country>USA</country>
    <sale>
      <date>6/15/2020</date>
      <product>Clobromizen</product>
      <qty>1800</qty>
      <total currency="USD">2592</total>
    </sale>
  </txn>
  <txn txnID="1002" repID="887">
    <customer>Nisl Quisque</customer>
    <country>Brazil</country>
    <sale>
      <date>4/11/2022</date>
      <product>Bhiktarvizem</product>
      <qty>1100</qty>
      <total currency="USD">4257</total>
    </sale>
  </txn>
  <txn txnID="1003" repID="119">
    <customer>Eastern Hospital Group</customer>
    <country>USA</country>
    <sale>
      <date>9/27/2021</date>
      <product>Presterone</product>
      <qty>500</qty>
      <total currency="USD">500</total>
    </sale>
  </txn>
  <txn txnID="1004" repID="221">
    <customer>Proin Dolor Institut</customer>
    <country>Germany</country>
    <sale>
      <date>1/19/2021</date>
      <product>Presterone</product>
      <qty>1500</qty>
      <total currency="USD">1500</total>
    </sale>
  </txn>
  <txn txnID="1005" repID="119">
    <customer>Plaxus Medical</customer>
    <country>USA</country>
    <sale>
      <date>3/11/2020</date>
      <product>Colophrazen</product>
      <qty>1700</qty>
      <total currency="USD">2091</total>
    </sale>
  </txn>
  <txn txnID="1006" repID="203">
    <customer>Vitae Risus Incorporated</customer>
    <country>USA</country>
    <sale>
      <date>9/8/2021</date>
      <product>Xinoprozen</product>
      <qty>500</qty>
      <total currency="USD">1410</total>
    </sale>
  </txn>
  <txn txnID="1007" repID="887">
    <customer>Saude Universal</customer>
    <country>Brazil</country>
    <sale>
      <date>4/18/2020</date>
      <product>Diaprogenix</product>
      <qty>400</qty>
      <total currency="USD">16</total>
    </sale>
  </txn>
  <txn txnID="1008" repID="119">
    <customer>Eastern Hospital Group</customer>
    <country>USA</country>
    <sale>
      <date>8/3/2021</date>
      <product>Diaprogenix</product>
      <qty>900</qty>
      <total currency="USD">36</total>
    </sale>
  </txn>
  <txn txnID="1009" repID="887">
    <customer>Nisl Quisque</customer>
    <country>Brazil</country>
    <sale>
      <date>3/14/2022</date>
      <product>Proxinostat</product>
      <qty>1600</qty>
      <total currency="USD">3568</total>
    </sale>
  </txn>
  <txn txnID="1010" repID="887">
    <customer>Varius Plc</customer>
    <country>Brazil</country>
    <sale>
      <date>11/21/2020</date>
      <product>Proxinostat</product>
      <qty>1600</qty>
      <total currency="USD">3568</total>
    </sale>
  </txn>
  <txn txnID="1011" repID="332">
    <customer>Lorem Luctus</customer>
    <country>USA</country>
    <sale>
      <date>7/3/2021</date>
      <product>Alaraphosol</product>
      <qty>1300</qty>
      <total currency="USD">1196</total>
    </sale>
  </txn>
  <txn txnID="1012" repID="100">
    <customer>Eleifend GMBH</customer>
    <country>Germany</country>
    <sale>
      <date>10/21/2020</date>
      <product>Bhiktarvizem</product>
      <qty>600</qty>
      <total currency="USD">2322</total>
    </sale>
  </txn>
  <txn txnID="1013" repID="887">
    <customer>Eu Dolor Companie</customer>
    <country>Brazil</country>
    <sale>
      <date>5/24/2021</date>
      <product>Zalofen</product>
      <qty>1600</qty>
      <total currency="USD">62400</total>
    </sale>
  </txn>
  <txn txnID="1014" repID="887">
    <customer>Luctus Aliquet Plc</customer>
    <country>Brazil</country>
    <sale>
      <date>10/28/2022</date>
      <product>Proxinostat</product>
      <qty>1700</qty>
      <total currency="USD">3791</total>
    </sale>
  </txn>
  <txn txnID="1015" repID="221">
    <customer>Proin Dolor Institut</customer>
    <country>Germany</country>
    <sale>
      <date>11/6/2022</date>
      <product>Zalofen</product>
      <qty>400</qty>
      <total currency="USD">15600</total>
    </sale>
  </txn>
  <txn txnID="1016" repID="203">
    <customer>Adipiscing Mauris Inc.</customer>
    <country>USA</country>
    <sale>
      <date>8/10/2022</date>
      <product>Presterone</product>
      <qty>1900</qty>
      <total currency="USD">1900</total>
    </sale>
  </txn>
  <txn txnID="1017" repID="203">
    <customer>Vitae Risus Incorporated</customer>
    <country>USA</country>
    <sale>
      <date>8/23/2020</date>
      <product>Presterone</product>
      <qty>400</qty>
      <total currency="USD">400</total>
    </sale>
  </txn>
  <txn txnID="1018" repID="887">
    <customer>Eu Dolor Companie</customer>
    <country>Brazil</country>
    <sale>
      <date>11/7/2022</date>
      <product>Clobromizen</product>
      <qty>1800</qty>
      <total currency="USD">2592</total>
    </sale>
  </txn>
  <txn txnID="1019" repID="203">
    <customer>Adipiscing Mauris Inc.</customer>
    <country>USA</country>
    <sale>
      <date>5/25/2021</date>
      <product>Xipramin</product>
      <qty>100</qty>
      <total currency="USD">72</total>
    </sale>
  </txn>
  <txn txnID="1020" repID="332">
    <customer>Pain Management Center</customer>
    <country>USA</country>
    <sale>
      <date>1/20/2021</date>
      <product>Gerantrazeophem</product>
      <qty>1300</qty>
      <total currency="USD">2431</total>
    </sale>
  </txn>
</txns>
